run,block,block_type,stim_type,stimulus,target,corr_ans,iti_onset,iti_offset,iti_duration,stim_onset,stim_offset,stim_duration,key_resp,key_resp_rt,corr_var,instr_onset,instr_offset,instr_duration,rest_onset,rest_offset,rest_duration
8,1,2-Back,Place,PL_089_O45.1.png,nontarget,2,16.793977200009977,17.294324000002234,0.5003467999922577,17.294324000002234,19.797159000008836,2.502835000006602,2.0,0.5060552000068128,1,14.30039360000228,16.793977200009977,2.493583600007696,None,None,None
8,1,2-Back,Place,PL_090_O47.1.png,nontarget,2,19.797159000008836,20.297830700001214,0.5006716999923775,20.297830700001214,22.800606800010428,2.502776100009214,2.0,0.4705305000097723,1,None,None,None,None,None,None
8,1,2-Back,Place,PL_092_O50.1.png,nontarget,2,22.800606800010428,23.301173700005165,0.5005668999947375,23.301173700005165,25.804436700011134,2.503263000005969,2.0,0.4591615000099409,1,None,None,None,None,None,None
8,1,2-Back,Place,PL_090_O47.1.png,target,1,25.804436700011134,26.304706299997637,0.5002695999865026,26.304706299997637,28.80851529999927,2.5038090000016346,1.0,0.5124620999995386,1,None,None,None,None,None,None
8,1,2-Back,Place,PL_089_O45.1.png,nontarget,2,28.80851529999927,29.309187600010773,0.5006723000115016,29.309187600010773,31.811100100007025,2.5019124999962514,1.0,0.6758791000029305,0,None,None,None,None,None,None
8,1,2-Back,Place,PL_091_O5.1.png,nontarget,2,31.811100100007025,32.311656899997615,0.5005567999905907,32.311656899997615,34.81446570000844,2.5028088000108255,2.0,0.4888613999937661,1,None,None,None,None,None,None
8,1,2-Back,Place,PL_094_O6.1.png,nontarget,2,34.81446570000844,35.31490160000976,0.500435900001321,35.31490160000976,37.81795389999752,2.5030522999877576,2.0,0.4858266000082949,1,None,None,None,None,None,None
8,1,2-Back,Place,PL_091_O5.1.png,target,1,37.81795389999752,38.31847050000215,0.5005166000046302,38.31847050000215,40.82148800000141,2.5030174999992596,1.0,0.4741270999948028,1,None,None,None,None,None,None
8,1,2-Back,Place,PL_093_O57.1.png,nontarget,2,40.82148800000141,41.32191430000239,0.5004263000009814,41.32191430000239,43.824823200004175,2.502908900001785,2.0,0.6062918999959948,1,None,None,None,None,None,None
8,1,2-Back,Place,PL_093_O57.1.png,nontarget,2,43.824823200004175,44.32557159999851,0.5007483999943361,44.32557159999851,46.828358099999605,2.5027865000010934,2.0,0.4913104000006569,1,None,None,None,None,None,None
8,2,2-Back,Tools,TO_085_TOOL85_BA.png,nontarget,2,49.86514120000356,50.36579680000432,0.5006556000007549,50.36579680000432,52.8684906999988,2.502693899994483,2.0,1.1229342000006,1,47.357612000007066,49.86514120000356,2.5075291999964975,None,None,None
8,2,2-Back,Tools,TO_086_TOOL86_BA.png,nontarget,2,52.8684906999988,53.36910280000302,0.5006121000042185,53.36910280000302,55.87194189999718,2.502839099994162,2.0,0.6875179999915417,1,None,None,None,None,None,None
8,2,2-Back,Tools,TO_089_TOOL89_BA.png,nontarget,2,55.87194189999718,56.37251100000867,0.5005691000114894,56.37251100000867,58.8755608000065,2.503049799997825,2.0,0.6035599000024376,1,None,None,None,None,None,None
8,2,2-Back,Tools,TO_086_TOOL86_BA.png,target,1,58.8755608000065,59.3761785000097,0.5006177000032039,59.3761785000097,61.87906620001013,2.5028877000004286,2.0,0.4567360000073677,0,None,None,None,None,None,None
8,2,2-Back,Tools,TO_089_TOOL89_BA.png,target,1,61.87906620001013,62.379489300001296,0.500423099991167,62.379489300001296,64.88250100000005,2.5030116999987513,2.0,0.4526476999890292,0,None,None,None,None,None,None
8,2,2-Back,Tools,TO_087_TOOL87_BA.png,nontarget,2,64.88250100000005,65.382990099999,0.5004890999989584,65.382990099999,67.88614889999735,2.503158799998346,2.0,0.3938468999986071,1,None,None,None,None,None,None
8,2,2-Back,Tools,TO_088_TOOL88_BA.png,nontarget,2,67.88614889999735,68.38655440000002,0.500405500002671,68.38655440000002,70.88952009999775,2.5029656999977306,2.0,0.4543999000015901,1,None,None,None,None,None,None
8,2,2-Back,Tools,TO_088_TOOL88_BA.png,nontarget,2,70.88952009999775,71.39005480000924,0.5005347000114853,71.39005480000924,73.89288120000856,2.5028263999993214,2.0,0.458375000001979,1,None,None,None,None,None,None
8,2,2-Back,Tools,TO_087_TOOL87_BA.png,nontarget,2,73.89288120000856,74.39341070000955,0.5005295000009937,74.39341070000955,76.89589810000325,2.502487399993697,2.0,0.4227467000018805,1,None,None,None,None,None,None
8,2,2-Back,Tools,TO_090_TOOL90_BA.png,nontarget,2,76.89589810000325,77.39690710000286,0.5010089999996126,77.39690710000286,79.89978410000913,2.502877000006265,2.0,0.3476665999914985,1,None,None,None,80.40024060000724,95.49271299999964,15.092472399992403
8,3,0-Back,Body,BP_087_BODY_26_BA.png,nontarget,2,97.98722950000956,98.48783850000471,0.5006089999951513,98.48783850000471,100.99071650000404,2.5028779999993276,nan,nan,0,95.49271299999964,97.98722950000956,2.4945165000099223,None,None,None
8,3,0-Back,Body,BP_090_BODY_31_BA.png,nontarget,2,100.99071650000404,101.49123630000396,0.5005197999999211,101.49123630000396,103.99422200000843,2.502985700004473,nan,nan,0,None,None,None,None,None,None
8,3,0-Back,Body,BP_086_BODY_25_BA.png,target,1,103.99422200000843,104.494741100003,0.5005190999945626,104.494741100003,106.99754930000928,2.5028082000062852,nan,nan,0,None,None,None,None,None,None
8,3,0-Back,Body,BP_091_BODY_32_BA.png,nontarget,2,106.99754930000928,107.49821550000344,0.5006661999941571,107.49821550000344,110.00105370000529,2.5028382000018468,nan,nan,0,None,None,None,None,None,None
8,3,0-Back,Body,BP_091_BODY_32_BA.png,nontarget,2,110.00105370000529,110.50172250000467,0.5006687999993886,110.50172250000467,113.0045237000013,2.5028011999966253,nan,nan,0,None,None,None,None,None,None
8,3,0-Back,Body,BP_089_BODY_30_BA.png,nontarget,2,113.0045237000013,113.50518600000942,0.5006623000081163,113.50518600000942,116.00802800001112,2.5028420000017064,nan,nan,0,None,None,None,None,None,None
8,3,0-Back,Body,BP_086_BODY_25_BA.png,target,1,116.00802800001112,116.50859350000974,0.5005654999986149,116.50859350000974,119.0114828000078,2.50288929999806,nan,nan,0,None,None,None,None,None,None
8,3,0-Back,Body,BP_090_BODY_31_BA.png,nontarget,2,119.0114828000078,119.51187670000944,0.5003939000016402,119.51187670000944,122.01495860000432,2.503081899994882,nan,nan,0,None,None,None,None,None,None
8,3,0-Back,Body,BP_088_BODY_28_BA.png,nontarget,2,122.01495860000432,122.51558980000846,0.5006312000041362,122.51558980000846,125.01843730000836,2.502847499999902,nan,nan,0,None,None,None,None,None,None
8,3,0-Back,Body,BP_088_BODY_28_BA.png,nontarget,2,125.01843730000836,125.51895220000006,0.5005148999916997,125.51895220000006,128.02194679999957,2.5029945999995107,nan,nan,0,None,None,None,None,None,None
8,4,2-Back,Face,FC_089_M45.png,nontarget,2,131.10875240000314,131.60930850000295,0.5005560999998124,131.60930850000295,134.11218860000372,2.502880100000766,nan,nan,0,128.6041630999971,131.10875240000314,2.504589300006046,None,None,None
8,4,2-Back,Face,FC_085_M43.png,nontarget,2,134.11218860000372,134.61274300000514,0.5005544000014197,134.61274300000514,137.11596350000764,2.5032205000024987,nan,nan,0,None,None,None,None,None,None
8,4,2-Back,Face,FC_089_M45.png,target,1,137.11596350000764,137.61616220000724,0.5001986999996006,137.61616220000724,140.11918220001098,2.503020000003744,nan,nan,0,None,None,None,None,None,None
8,4,2-Back,Face,FC_085_M43.png,target,1,140.11918220001098,140.6195000000007,0.5003177999897161,140.6195000000007,143.1224496000068,2.5029496000061044,nan,nan,0,None,None,None,None,None,None
8,4,2-Back,Face,FC_086_F43.png,nontarget,2,143.1224496000068,143.62330510000174,0.5008554999949411,143.62330510000174,146.12617010000395,2.5028650000022026,nan,nan,0,None,None,None,None,None,None
8,4,2-Back,Face,FC_087_M44.png,nontarget,2,146.12617010000395,146.6265071000089,0.5003370000049472,146.6265071000089,149.13011969999934,2.503612599990447,nan,nan,0,None,None,None,None,None,None
8,4,2-Back,Face,FC_088_F44.png,nontarget,2,149.13011969999934,149.630659500006,0.5005398000066634,149.630659500006,152.13360159999866,2.5029420999926515,nan,nan,0,None,None,None,None,None,None
8,4,2-Back,Face,FC_090_F45.png,nontarget,2,152.13360159999866,152.6341766000114,0.5005750000127307,152.6341766000114,155.137063400005,2.502886799993604,nan,nan,0,None,None,None,None,None,None
8,4,2-Back,Face,FC_087_M44.png,nontarget,2,155.137063400005,155.63763779999863,0.5005743999936385,155.63763779999863,158.140553300007,2.5029155000083847,nan,nan,0,None,None,None,None,None,None
8,4,2-Back,Face,FC_088_F44.png,nontarget,2,158.140553300007,158.64113750000251,0.500584199995501,158.64113750000251,161.14333340000303,2.5021959000005154,2.0,1.4468274000100791,1,None,None,None,161.6439478000102,176.70089059999736,15.056942799987155
8,5,0-Back,Tools,TO_095_TOOL95_BA.png,nontarget,2,179.19766800000798,179.69786660000682,0.5001985999988392,179.69786660000682,182.20128629999817,2.5034196999913547,nan,nan,0,176.70089059999736,179.19766800000798,2.4967774000106147,None,None,None
8,5,0-Back,Tools,TO_092_TOOL92_BA.png,nontarget,2,182.20128629999817,182.701186899998,0.49990059999981895,182.701186899998,185.20440110001076,2.5032142000127635,nan,nan,0,None,None,None,None,None,None
8,5,0-Back,Tools,TO_093_TOOL93_BA.png,nontarget,2,185.20440110001076,185.70466930000111,0.5002681999903587,185.70466930000111,188.2078468999971,2.503177599995979,nan,nan,0,None,None,None,None,None,None
8,5,0-Back,Tools,TO_096_TOOL96_BA.png,nontarget,2,188.2078468999971,188.7089564000053,0.501109500008198,188.7089564000053,191.2119553000084,2.5029989000031208,nan,nan,0,None,None,None,None,None,None
8,5,0-Back,Tools,TO_093_TOOL93_BA.png,nontarget,2,191.2119553000084,191.71247749999748,0.5005221999890637,191.71247749999748,194.2154703999986,2.502992900001118,nan,nan,0,None,None,None,None,None,None
8,5,0-Back,Tools,TO_091_TOOL91_BA.png,target,1,194.2154703999986,194.71600749999925,0.5005371000006562,194.71600749999925,197.2187849000038,2.502777400004561,nan,nan,0,None,None,None,None,None,None
8,5,0-Back,Tools,TO_094_TOOL94_BA.png,nontarget,2,197.2187849000038,197.7194121000066,0.500627200002782,197.7194121000066,200.22232410000288,2.502911999996286,nan,nan,0,None,None,None,None,None,None
8,5,0-Back,Tools,TO_096_TOOL96_BA.png,nontarget,2,200.22232410000288,200.7229495000065,0.5006254000036279,200.7229495000065,203.22575520000828,2.5028057000017725,nan,nan,0,None,None,None,None,None,None
8,5,0-Back,Tools,TO_095_TOOL95_BA.png,nontarget,2,203.22575520000828,203.7258722999977,0.50011709998941,203.7258722999977,206.22853110000145,2.5026588000037577,nan,nan,0,None,None,None,None,None,None
8,5,0-Back,Tools,TO_091_TOOL91_BA.png,target,1,206.22853110000145,206.7291295000032,0.5005984000017634,206.7291295000032,209.23204940000144,2.5029198999982327,nan,nan,0,None,None,None,None,None,None
8,6,0-Back,Place,PL_097_O75.1.png,nontarget,2,212.28564090000876,212.78601710000655,0.5003761999977883,212.78601710000655,215.28911260000316,2.5030954999966184,nan,nan,0,209.7845913000056,212.28564090000876,2.501049600003171,None,None,None
8,6,0-Back,Place,PL_098_O80.1.png,nontarget,2,215.28911260000316,215.78958560001047,0.5004730000073039,215.78958560001047,218.29235970000445,2.502774099993985,nan,nan,0,None,None,None,None,None,None
8,6,0-Back,Place,PL_097_O75.1.png,nontarget,2,218.29235970000445,218.7930025000096,0.5006428000051528,218.7930025000096,221.2960711000051,2.503068599995487,nan,nan,0,None,None,None,None,None,None
8,6,0-Back,Place,PL_098_O80.1.png,nontarget,2,221.2960711000051,221.79645639999944,0.500385299994349,221.79645639999944,224.29928940000536,2.5028330000059213,nan,nan,0,None,None,None,None,None,None
8,6,0-Back,Place,PL_095_O65.1.png,target,1,224.29928940000536,224.8000820000016,0.500792599996231,224.8000820000016,227.30284170000232,2.5027597000007233,nan,nan,0,None,None,None,None,None,None
8,6,0-Back,Place,PL_096_O69.1.png,nontarget,2,227.30284170000232,227.80329820000043,0.5004564999981085,227.80329820000043,230.3064513999998,2.5031531999993604,nan,nan,0,None,None,None,None,None,None
8,6,0-Back,Place,PL_095_O65.1.png,target,1,230.3064513999998,230.8068779000023,0.5004265000025043,230.8068779000023,233.3098215000064,2.5029436000041017,nan,nan,0,None,None,None,None,None,None
8,6,0-Back,Place,PL_096_O69.1.png,nontarget,2,233.3098215000064,233.81028640001023,0.5004649000038341,233.81028640001023,236.3132145999989,2.5029281999886734,nan,nan,0,None,None,None,None,None,None
8,6,0-Back,Place,PL_099_O81.1.png,nontarget,2,236.3132145999989,236.8138556000049,0.5006410000059986,236.8138556000049,239.3166951000021,2.502839499997208,nan,nan,0,None,None,None,None,None,None
8,6,0-Back,Place,PL_100_O82.1.png,nontarget,2,239.3166951000021,239.8171796000097,0.5004845000075875,239.8171796000097,242.320286400005,2.503106799995294,nan,nan,0,None,None,None,242.82075060000352,257.8975369000109,15.07678630000737
8,7,2-Back,Body,BP_094_BODY_36_BA.png,nontarget,2,260.3910019000032,260.89162720000604,0.5006253000028664,260.89162720000604,263.3948631000094,2.5032359000033466,nan,nan,0,257.8975369000109,260.3910019000032,2.493464999992284,None,None,None
8,7,2-Back,Body,BP_093_BODY_35_BA.png,nontarget,2,263.3948631000094,263.8948451000033,0.49998199999390636,263.8948451000033,266.3979203000053,2.5030752000020016,nan,nan,0,None,None,None,None,None,None
8,7,2-Back,Body,BP_095_BODY_37_BA.png,nontarget,2,266.3979203000053,266.8985166000057,0.5005963000003817,266.8985166000057,269.40129460000026,2.502777999994578,nan,nan,0,None,None,None,None,None,None
8,7,2-Back,Body,BP_095_BODY_37_BA.png,nontarget,2,269.40129460000026,269.90180469999905,0.5005100999987917,269.90180469999905,272.40469160000794,2.502886900008889,nan,nan,0,None,None,None,None,None,None
8,7,2-Back,Body,BP_094_BODY_36_BA.png,nontarget,2,272.40469160000794,272.90532469999744,0.5006330999894999,272.90532469999744,275.40845680001075,2.5031321000133175,nan,nan,0,None,None,None,None,None,None
8,7,2-Back,Body,BP_097_BODY_39_BA.png,nontarget,2,275.40845680001075,275.908875100009,0.5004182999982731,275.908875100009,278.4120973000099,2.5032222000008915,nan,nan,0,None,None,None,None,None,None
8,7,2-Back,Body,BP_092_BODY_33_BA.png,nontarget,2,278.4120973000099,278.9126350000006,0.500537699990673,278.9126350000006,281.414726300005,2.5020913000043947,nan,nan,0,None,None,None,None,None,None
8,7,2-Back,Body,BP_097_BODY_39_BA.png,target,1,281.414726300005,281.915886200004,0.5011598999990383,281.915886200004,284.4188242000091,2.502938000005088,nan,nan,0,None,None,None,None,None,None
8,7,2-Back,Body,BP_092_BODY_33_BA.png,target,1,284.4188242000091,284.9191811000055,0.5003568999964045,284.9191811000055,287.4222148999979,2.5030337999924086,nan,nan,0,None,None,None,None,None,None
8,7,2-Back,Body,BP_096_BODY_38_BA.png,nontarget,2,287.4222148999979,287.9231817999971,0.5009668999991845,287.9231817999971,290.42560180000146,2.5024200000043493,nan,nan,0,None,None,None,None,None,None
8,8,0-Back,Face,FC_092_F46.png,target,1,293.51274679999915,294.01304489999893,0.5002980999997817,294.01304489999893,296.51589170000807,2.502846800009138,nan,nan,0,291.0129924000066,293.51274679999915,2.4997543999925256,None,None,None
8,8,0-Back,Face,FC_096_F48.png,nontarget,2,296.51589170000807,297.01651980000315,0.5006280999950832,297.01651980000315,299.51934569999867,2.502825899995514,nan,nan,0,None,None,None,None,None,None
8,8,0-Back,Face,FC_095_M48.png,nontarget,2,299.51934569999867,300.01989960001083,0.5005539000121644,300.01989960001083,302.52269860000524,2.502798999994411,nan,nan,0,None,None,None,None,None,None
8,8,0-Back,Face,FC_094_F47.png,nontarget,2,302.52269860000524,303.02327020000666,0.5005716000014218,303.02327020000666,305.52631010000187,2.5030398999952013,nan,nan,0,None,None,None,None,None,None
8,8,0-Back,Face,FC_092_F46.png,target,1,305.52631010000187,306.02687700001115,0.5005669000092894,306.02687700001115,308.52969660000235,2.5028195999911986,nan,nan,0,None,None,None,None,None,None
8,8,0-Back,Face,FC_093_M47.png,nontarget,2,308.52969660000235,309.0302325000084,0.5005359000060707,309.0302325000084,311.53331430000253,2.5030817999941064,nan,nan,0,None,None,None,None,None,None
8,8,0-Back,Face,FC_091_M46.png,nontarget,2,311.53331430000253,312.03366729999834,0.5003529999958118,312.03366729999834,314.5366176000098,2.5029503000114346,nan,nan,0,None,None,None,None,None,None
8,8,0-Back,Face,FC_091_M46.png,nontarget,2,314.5366176000098,315.0372320000024,0.500614399992628,315.0372320000024,317.5400822000083,2.5028502000059234,nan,nan,0,None,None,None,None,None,None
8,8,0-Back,Face,FC_095_M48.png,nontarget,2,317.5400822000083,318.0407144000055,0.5006321999971988,318.0407144000055,320.543499899999,2.502785499993479,nan,nan,0,None,None,None,None,None,None
8,8,0-Back,Face,FC_096_F48.png,nontarget,2,320.543499899999,321.0441429000057,0.5006430000066757,321.0441429000057,323.5470003000082,2.50285740000254,nan,nan,0,None,None,None,324.04759610000474,339.10694460000377,15.059348499999032
3,1,0-Back,Tools,TO_028_TOOL28_BA.png,nontarget,2,341.60108360000595,342.10175070000696,0.5006671000010101,342.10175070000696,344.60464659999707,2.502895899990108,nan,nan,0,339.10694460000377,341.60108360000595,2.4941390000021784,None,None,None
3,1,0-Back,Tools,TO_026_TOOL26_BA.png,nontarget,2,344.60464659999707,345.1051615000033,0.5005149000062374,345.1051615000033,347.60798149999755,2.5028199999942444,nan,nan,0,None,None,None,None,None,None
3,1,0-Back,Tools,TO_025_TOOL25_BA.png,target,1,347.60798149999755,348.10854480000853,0.500563300010981,348.10854480000853,350.6115343999991,2.502989599990542,nan,nan,0,None,None,None,None,None,None
3,1,0-Back,Tools,TO_026_TOOL26_BA.png,nontarget,2,350.6115343999991,351.1122328000056,0.5006984000065131,351.1122328000056,353.6150847000099,2.502851900004316,nan,nan,0,None,None,None,None,None,None
3,1,0-Back,Tools,TO_030_TOOL30_BA.png,nontarget,2,353.6150847000099,354.1157125000027,0.5006277999927988,354.1157125000027,356.6184477000061,2.5027352000033716,nan,nan,0,None,None,None,None,None,None
3,1,0-Back,Tools,TO_025_TOOL25_BA.png,target,1,356.6184477000061,357.118945299997,0.500497599990922,357.118945299997,359.6220280999987,2.503082800001721,nan,nan,0,None,None,None,None,None,None
3,1,0-Back,Tools,TO_027_TOOL27_BA.png,nontarget,2,359.6220280999987,360.12253330000385,0.5005052000051364,360.12253330000385,362.6254080000072,2.5028747000033604,nan,nan,0,None,None,None,None,None,None
3,1,0-Back,Tools,TO_030_TOOL30_BA.png,nontarget,2,362.6254080000072,363.1260083000088,0.5006003000015653,363.1260083000088,365.6289217000012,2.5029133999923943,nan,nan,0,None,None,None,None,None,None
3,1,0-Back,Tools,TO_028_TOOL28_BA.png,nontarget,2,365.6289217000012,366.129350800009,0.5004291000078069,366.129350800009,368.63233770000807,2.5029868999990867,nan,nan,0,None,None,None,None,None,None
3,1,0-Back,Tools,TO_029_TOOL29_BA.png,nontarget,2,368.63233770000807,369.1328136000084,0.5004759000003105,369.1328136000084,371.63586520000536,2.5030515999969793,nan,nan,0,None,None,None,None,None,None
3,2,2-Back,Face,FC_029_M15.png,nontarget,2,374.689408700011,375.1899102000025,0.5005014999915147,375.1899102000025,377.6924757000088,2.5025655000063125,nan,nan,0,372.1909013000113,374.689408700011,2.498507399999653,None,None,None
3,2,2-Back,Face,FC_026_F13.png,nontarget,2,377.6924757000088,378.19348329999775,0.5010075999889523,378.19348329999775,380.6962768000085,2.502793500010739,nan,nan,0,None,None,None,None,None,None
3,2,2-Back,Face,FC_029_M15.png,target,1,380.6962768000085,381.1967408000055,0.5004639999970095,381.1967408000055,383.6998738000111,2.5031330000056187,nan,nan,0,None,None,None,None,None,None
3,2,2-Back,Face,FC_028_F14.png,nontarget,2,383.6998738000111,384.200299300006,0.5004254999948898,384.200299300006,386.7028283999971,2.5025290999910794,nan,nan,0,None,None,None,None,None,None
3,2,2-Back,Face,FC_025_M13.png,nontarget,2,386.7028283999971,387.2036909000017,0.5008625000045868,387.2036909000017,389.7066009999981,2.502910099996427,nan,nan,0,None,None,None,None,None,None
3,2,2-Back,Face,FC_026_F13.png,nontarget,2,389.7066009999981,390.20721730000514,0.5006163000070387,390.20721730000514,392.7103446999972,2.5031273999920813,nan,nan,0,None,None,None,None,None,None
3,2,2-Back,Face,FC_027_M14.png,nontarget,2,392.7103446999972,393.2108176000038,0.5004729000065709,393.2108176000038,395.7131743000064,2.502356700002622,nan,nan,0,None,None,None,None,None,None
3,2,2-Back,Face,FC_028_F14.png,nontarget,2,395.7131743000064,396.2140675999981,0.5008932999916738,396.2140675999981,398.7170910999994,2.503023500001291,nan,nan,0,None,None,None,None,None,None
3,2,2-Back,Face,FC_027_M14.png,target,1,398.7170910999994,399.2174899000093,0.5003988000099184,399.2174899000093,401.7204163999995,2.502926499990224,nan,nan,0,None,None,None,None,None,None
3,2,2-Back,Face,FC_030_F15.png,nontarget,2,401.7204163999995,402.2209615000029,0.5005451000033645,402.2209615000029,404.7238612000074,2.502899700004491,nan,nan,0,None,None,None,405.2246318000107,420.3048781000107,15.080246299999999
3,3,0-Back,Body,BP_026_H8-T_BA.png,target,1,422.81139780000376,423.3120366000076,0.5006388000038555,423.3120366000076,425.8148048000003,2.5027681999926585,nan,nan,0,420.3048781000107,422.81139780000376,2.5065196999930777,None,None,None
3,3,0-Back,Body,BP_031_FLBHS_BA.png,nontarget,2,425.8148048000003,426.3153923000064,0.5005875000061337,426.3153923000064,428.81834589999926,2.50295359999285,nan,nan,0,None,None,None,None,None,None
3,3,0-Back,Body,BP_027_FBBHI_BA.png,nontarget,2,428.81834589999926,429.3189052000089,0.5005593000096269,429.3189052000089,431.82165830000304,2.502753099994152,nan,nan,0,None,None,None,None,None,None
3,3,0-Back,Body,BP_026_H8-T_BA.png,target,1,431.82165830000304,432.3222793000023,0.5006209999992848,432.3222793000023,434.8252767000085,2.5029974000061657,nan,nan,0,None,None,None,None,None,None
3,3,0-Back,Body,BP_027_FBBHI_BA.png,nontarget,2,434.8252767000085,435.32566880001104,0.5003921000025571,435.32566880001104,437.8285628000013,2.502893999990249,nan,nan,0,None,None,None,None,None,None
3,3,0-Back,Body,BP_030_FLBFS_BA.png,nontarget,2,437.8285628000013,438.3293199000036,0.5007571000023177,438.3293199000036,440.8320909000031,2.502770999999484,nan,nan,0,None,None,None,None,None,None
3,3,0-Back,Body,BP_029_FLBAS_BA.png,nontarget,2,440.8320909000031,441.3326773000008,0.5005863999977009,441.3326773000008,443.83542699999816,2.5027496999973664,nan,nan,0,None,None,None,None,None,None
3,3,0-Back,Body,BP_028_FBBHS_BA.png,nontarget,2,443.83542699999816,444.3360660000035,0.5006390000053216,444.3360660000035,446.8391829000029,2.5031168999994406,nan,nan,0,None,None,None,None,None,None
3,3,0-Back,Body,BP_031_FLBHS_BA.png,nontarget,2,446.8391829000029,447.3397781000094,0.5005952000065008,447.3397781000094,449.8424327000103,2.5026546000008807,nan,nan,0,None,None,None,None,None,None
3,3,0-Back,Body,BP_030_FLBFS_BA.png,nontarget,2,449.8424327000103,450.3430730000109,0.5006403000006117,450.3430730000109,452.8459554000001,2.5028823999891756,nan,nan,0,None,None,None,None,None,None
3,4,2-Back,Tools,TO_033_TOOL33_BA.png,nontarget,2,455.8828732999973,456.3833241000102,0.5004508000129135,456.3833241000102,458.8861717000109,2.5028476000006776,nan,nan,0,453.3859113000072,455.8828732999973,2.4969619999901056,None,None,None
3,4,2-Back,Tools,TO_031_TOOL31_BA.png,nontarget,2,458.8861717000109,459.3868129000039,0.5006411999930265,459.3868129000039,461.8897933999978,2.502980499993896,nan,nan,0,None,None,None,None,None,None
3,4,2-Back,Tools,TO_031_TOOL31_BA.png,nontarget,2,461.8897933999978,462.3902306000091,0.5004372000112767,462.3902306000091,464.8931855999981,2.502954999989015,nan,nan,0,None,None,None,None,None,None
3,4,2-Back,Tools,TO_033_TOOL33_BA.png,nontarget,2,464.8931855999981,465.3937340999983,0.5005485000002068,465.3937340999983,467.8965958000044,2.502861700006065,nan,nan,0,None,None,None,None,None,None
3,4,2-Back,Tools,TO_036_TOOL36_BA.png,nontarget,2,467.8965958000044,468.3971902000048,0.5005944000004092,468.3971902000048,470.900020400004,2.5028301999992095,nan,nan,0,None,None,None,None,None,None
3,4,2-Back,Tools,TO_034_TOOL34_BA.png,nontarget,2,470.900020400004,471.40058100000897,0.5005606000049738,471.40058100000897,473.9035549000109,2.502973900001905,nan,nan,0,None,None,None,None,None,None
3,4,2-Back,Tools,TO_032_TOOL32_BA.png,nontarget,2,473.9035549000109,474.4040726000094,0.500517699998511,474.4040726000094,476.9069409000076,2.5028682999982266,nan,nan,0,None,None,None,None,None,None
3,4,2-Back,Tools,TO_034_TOOL34_BA.png,target,1,476.9069409000076,477.4075680000096,0.5006271000019638,477.4075680000096,479.91064929999993,2.503081299990356,nan,nan,0,None,None,None,None,None,None
3,4,2-Back,Tools,TO_032_TOOL32_BA.png,target,1,479.91064929999993,480.4110131000052,0.5003638000052888,480.4110131000052,482.9138497000095,2.5028366000042865,nan,nan,0,None,None,None,None,None,None
3,4,2-Back,Tools,TO_035_TOOL35_BA.png,nontarget,2,482.9138497000095,483.4144449000014,0.5005951999918921,483.4144449000014,485.9172249999974,2.5027800999960164,nan,nan,0,None,None,None,486.41787260001,501.5150576000015,15.097184999991498
3,5,2-Back,Place,PL_032_COLORADO.png,nontarget,2,504.02184410000336,504.52205910001067,0.5002150000073016,504.52205910001067,507.0249713000085,2.502912199997809,nan,nan,0,501.5150576000015,504.02184410000336,2.5067865000018514,None,None,None
3,5,2-Back,Place,PL_029_SCENE_39.png,nontarget,2,507.0249713000085,507.5254343999986,0.5004630999900996,507.5254343999986,510.0284116000112,2.5029772000126513,nan,nan,0,None,None,None,None,None,None
3,5,2-Back,Place,PL_032_COLORADO.png,target,1,510.0284116000112,510.5289797000005,0.5005680999892661,510.5289797000005,513.0324241000053,2.5034444000048097,nan,nan,0,None,None,None,None,None,None
3,5,2-Back,Place,PL_028_SCENE_35.png,nontarget,2,513.0324241000053,513.532594999997,0.5001708999916445,513.532594999997,516.035387099997,2.502792100000079,nan,nan,0,None,None,None,None,None,None
3,5,2-Back,Place,PL_031_CANAL.png,nontarget,2,516.035387099997,516.5359050999978,0.5005180000007385,516.5359050999978,519.0388073000067,2.5029022000089753,nan,nan,0,None,None,None,None,None,None
3,5,2-Back,Place,PL_030_SCENE_40.png,nontarget,2,519.0388073000067,519.5393353999971,0.5005280999903334,519.5393353999971,522.0423541000055,2.503018700008397,nan,nan,0,None,None,None,None,None,None
3,5,2-Back,Place,PL_031_CANAL.png,target,1,522.0423541000055,522.5429652000021,0.500611099996604,522.5429652000021,525.0458138000104,2.502848600008292,nan,nan,0,None,None,None,None,None,None
3,5,2-Back,Place,PL_028_SCENE_35.png,nontarget,2,525.0458138000104,525.5462696000031,0.5004557999927783,525.5462696000031,528.0492502999987,2.5029806999955326,nan,nan,0,None,None,None,None,None,None
3,5,2-Back,Place,PL_027_SCENE_27.png,nontarget,2,528.0492502999987,528.5498420000076,0.5005917000089539,528.5498420000076,531.052804100007,2.502962099999422,nan,nan,0,None,None,None,None,None,None
3,5,2-Back,Place,PL_027_SCENE_27.png,nontarget,2,531.052804100007,531.5532391000015,0.5004349999944679,531.5532391000015,534.0560155999992,2.502776499997708,nan,nan,0,None,None,None,None,None,None
3,6,0-Back,Face,FC_033_M17.png,nontarget,2,537.1429403000075,537.6435836000019,0.5006432999944082,537.6435836000019,540.1464317000064,2.502848100004485,nan,nan,0,534.6373313000076,537.1429403000075,2.505608999999822,None,None,None
3,6,0-Back,Face,FC_032_F16.png,target,1,540.1464317000064,540.6468848000077,0.500453100001323,540.6468848000077,543.1499295000103,2.503044700002647,nan,nan,0,None,None,None,None,None,None
3,6,0-Back,Face,FC_035_M18.png,nontarget,2,543.1499295000103,543.6510846000019,0.5011550999915926,543.6510846000019,546.15336940001,2.5022848000080558,nan,nan,0,None,None,None,None,None,None
3,6,0-Back,Face,FC_036_F18.png,nontarget,2,546.15336940001,546.6540817000059,0.5007122999959392,546.6540817000059,549.1569062000053,2.502824499999406,nan,nan,0,None,None,None,None,None,None
3,6,0-Back,Face,FC_032_F16.png,target,1,549.1569062000053,549.6575673000043,0.5006610999989789,549.6575673000043,552.1603348000062,2.502767500001937,nan,nan,0,None,None,None,None,None,None
3,6,0-Back,Face,FC_031_M16.png,nontarget,2,552.1603348000062,552.6610159999982,0.5006811999919591,552.6610159999982,555.1638268000097,2.5028108000115026,nan,nan,0,None,None,None,None,None,None
3,6,0-Back,Face,FC_036_F18.png,nontarget,2,555.1638268000097,555.664322800003,0.5004959999932908,555.664322800003,558.1673207999993,2.502997999996296,nan,nan,0,None,None,None,None,None,None
3,6,0-Back,Face,FC_035_M18.png,nontarget,2,558.1673207999993,558.6678859000094,0.5005651000101352,558.6678859000094,561.1705994000076,2.502713499998208,nan,nan,0,None,None,None,None,None,None
3,6,0-Back,Face,FC_034_F17.png,nontarget,2,561.1705994000076,561.6714753999986,0.5008759999909671,561.6714753999986,564.1740652000008,2.50258980000217,nan,nan,0,None,None,None,None,None,None
3,6,0-Back,Face,FC_033_M17.png,nontarget,2,564.1740652000008,564.6746853000077,0.5006201000069268,564.6746853000077,567.1775269000063,2.5028415999986464,nan,nan,0,None,None,None,567.6782574000099,582.7679496000055,15.089692199995625
3,7,0-Back,Place,PL_035_LEXINGTON02.png,nontarget,2,585.2651543000102,585.7658241000026,0.5006697999924654,585.7658241000026,588.2686408000009,2.5028166999982204,nan,nan,0,582.7679496000055,585.2651543000102,2.4972047000046587,None,None,None
3,7,0-Back,Place,PL_038_LEXINGTON05.png,nontarget,2,588.2686408000009,588.7689556000114,0.5003148000105284,588.7689556000114,591.2723890000052,2.50343339999381,nan,nan,0,None,None,None,None,None,None
3,7,0-Back,Place,PL_033_DESERT.png,target,1,591.2723890000052,591.7729471000057,0.5005581000004895,591.7729471000057,594.2758313000086,2.5028842000028817,nan,nan,0,None,None,None,None,None,None
3,7,0-Back,Place,PL_037_LEXINGTON04.png,nontarget,2,594.2758313000086,594.7761284000007,0.5002970999921672,594.7761284000007,597.2790409000008,2.502912500000093,nan,nan,0,None,None,None,None,None,None
3,7,0-Back,Place,PL_037_LEXINGTON04.png,nontarget,2,597.2790409000008,597.7795934000023,0.5005525000015041,597.7795934000023,600.2825806000037,2.502987200001371,nan,nan,0,None,None,None,None,None,None
3,7,0-Back,Place,PL_038_LEXINGTON05.png,nontarget,2,600.2825806000037,600.7830369000003,0.5004562999965856,600.7830369000003,603.2858950000082,2.5028581000078702,nan,nan,0,None,None,None,None,None,None
3,7,0-Back,Place,PL_034_FOXISLAND.png,nontarget,2,603.2858950000082,603.7865355000104,0.5006405000021914,603.7865355000104,606.2893514000025,2.502815899992129,nan,nan,0,None,None,None,None,None,None
3,7,0-Back,Place,PL_036_LEXINGTON03.png,nontarget,2,606.2893514000025,606.7900935000071,0.5007421000045724,606.7900935000071,609.2931169000076,2.5030234000005294,nan,nan,0,None,None,None,None,None,None
3,7,0-Back,Place,PL_033_DESERT.png,target,1,609.2931169000076,609.793411000006,0.5002940999984276,609.793411000006,612.2962437000097,2.502832700003637,nan,nan,0,None,None,None,None,None,None
3,7,0-Back,Place,PL_036_LEXINGTON03.png,nontarget,2,612.2962437000097,612.7969183000096,0.5006745999999112,612.7969183000096,615.2997024000069,2.5027840999973705,nan,nan,0,None,None,None,None,None,None
3,8,2-Back,Body,BP_035_FLPUS_BA.png,nontarget,2,618.3365459000051,618.837094100003,0.5005481999978656,618.837094100003,621.3400394000055,2.502945300002466,nan,nan,0,615.8418049000029,618.3365459000051,2.49474100000225,None,None,None
3,8,2-Back,Body,BP_037_FRBFS_BA.png,nontarget,2,621.3400394000055,621.840423200003,0.5003837999975076,621.840423200003,624.3440575999994,2.503634399996372,nan,nan,0,None,None,None,None,None,None
3,8,2-Back,Body,BP_036_FRBAI_BA.png,nontarget,2,624.3440575999994,624.8438901000045,0.4998325000051409,624.8438901000045,627.3470006999996,2.503110599995125,nan,nan,0,None,None,None,None,None,None
3,8,2-Back,Body,BP_037_FRBFS_BA.png,target,1,627.3470006999996,627.8474961000029,0.500495400003274,627.8474961000029,630.3503837000026,2.502887599999667,nan,nan,0,None,None,None,None,None,None
3,8,2-Back,Body,BP_036_FRBAI_BA.png,target,1,630.3503837000026,630.8509238999977,0.5005401999951573,630.8509238999977,633.354281500011,2.50335760001326,nan,nan,0,None,None,None,None,None,None
3,8,2-Back,Body,BP_033_FLCHS_BA.png,nontarget,2,633.354281500011,633.8543522000109,0.5000706999999238,633.8543522000109,636.357259299999,2.5029070999880787,nan,nan,0,None,None,None,None,None,None
3,8,2-Back,Body,BP_032_FLCHI_BA.png,nontarget,2,636.357259299999,636.8577761000051,0.5005168000061531,636.8577761000051,639.3607406000083,2.502964500003145,nan,nan,0,None,None,None,None,None,None
3,8,2-Back,Body,BP_034_FLPUI_BA.png,nontarget,2,639.3607406000083,639.8613052000001,0.500564599991776,639.8613052000001,642.3643207999994,2.503015599999344,nan,nan,0,None,None,None,None,None,None
3,8,2-Back,Body,BP_034_FLPUI_BA.png,nontarget,2,642.3643207999994,642.8646694000054,0.5003486000059638,642.8646694000054,645.3676917999983,2.503022399992915,nan,nan,0,None,None,None,None,None,None
3,8,2-Back,Body,BP_033_FLCHS_BA.png,nontarget,2,645.3676917999983,645.8681914000044,0.500499600006151,645.8681914000044,648.3711977000057,2.5030063000012888,nan,nan,0,None,None,None,648.8716824000003,663.9057466000086,15.034064200008288
